Treatment,URL
Piles Treatment,https://www.pristyncare.com/treatment/piles/
Fistula Treatment,https://www.pristyncare.com/treatment/fistula/
Fissure Treatment,https://www.pristyncare.com/treatment/fissure/
Pilonidal Sinus Treatment,https://www.pristyncare.com/treatment/pilonidal-sinus/
Rectal Prolapse,https://www.pristyncare.com/treatment/rectal-prolapse/
Hernia Surgery,https://www.pristyncare.com/treatment/hernia/
Gallstones Treatment,https://www.pristyncare.com/treatment/gallstone/
Appendicitis,https://www.pristyncare.com/treatment/appendicitis/
Inguinal Hernia Treatment,https://www.pristyncare.com/treatment/inguinal-hernia/
Umbilical Hernia Treatment,https://www.pristyncare.com/treatment/umbilical-hernia/
Surgical Abortion,https://www.pristyncare.com/treatment/abortion/
MTP,https://www.pristyncare.com/treatment/mtp/
Ectopic Pregnancy Treatment,https://www.pristyncare.com/treatment/ectopic-pregnancy/
Molar Pregnancy Treatment,https://www.pristyncare.com/treatment/molar-pregnancy/
Uterus Removal,https://www.pristyncare.com/treatment/hysterectomy/
Ovarian Cyst,https://www.pristyncare.com/treatment/ovarian-cyst/
Miscarriage Treatment,https://www.pristyncare.com/treatment/miscarriage/
Bartholin Cyst Treatment,https://www.pristyncare.com/treatment/bartholin-cyst/
Endometriosis Treatment,https://www.pristyncare.com/treatment/endometriosis/
Adenomyosis Treatment,https://www.pristyncare.com/treatment/adenomyosis/
PCOS-PCOD Treatment,https://www.pristyncare.com/treatment/pcos-pcod/
Pregnancy Care,https://www.pristyncare.com/treatment/pregnancy-care/
Laser Vaginal Tightening,https://www.pristyncare.com/treatment/laser-vaginal-tightening/
Hymenoplasty,https://www.pristyncare.com/treatment/hymenoplasty/
Vaginoplasty,https://www.pristyncare.com/treatment/vaginoplasty/
Labiaplasty,https://www.pristyncare.com/treatment/labiaplasty/
Vaginal Wart Removal,https://www.pristyncare.com/treatment/vaginal-wart/
Tympanoplasty,https://www.pristyncare.com/treatment/tympanoplasty/
Adenoidectomy,https://www.pristyncare.com/treatment/adenoidectomy/
Sinus Treatment,https://www.pristyncare.com/treatment/sinusitis/
Septoplasty,https://www.pristyncare.com/treatment/septoplasty/
Mastoidectomy,https://www.pristyncare.com/treatment/mastoidectomy/
FESS Surgery,https://www.pristyncare.com/treatment/fess/
Thyroidectomy,https://www.pristyncare.com/treatment/thyroidectomy/
Tonsillectomy,https://www.pristyncare.com/treatment/tonsillectomy/
Stapedectomy,https://www.pristyncare.com/treatment/stapedectomy/
Myringotomy,https://www.pristyncare.com/treatment/myringotomy/
Throat Surgery,https://www.pristyncare.com/treatment/throat-infection/
Ear Surgery,https://www.pristyncare.com/treatment/ear-infection/
Vocal Cord Polyps,https://www.pristyncare.com/treatment/vocal-cord-polyps/
Nasal Polyps,https://www.pristyncare.com/treatment/nasal-polyps/
Turbinate Reduction,https://www.pristyncare.com/treatment/turbinate-reduction/
Circumcision,https://www.pristyncare.com/treatment/circumcision/
Stapler Circumcision,https://www.pristyncare.com/treatment/zsr-circumcision/
Kidney Stones Treatment,https://www.pristyncare.com/treatment/kidney-stones/
Hydrocele,https://www.pristyncare.com/treatment/hydrocelectomy/
ESWL,https://www.pristyncare.com/treatment/eswl/
RIRS,https://www.pristyncare.com/treatment/rirs/
PCNL,https://www.pristyncare.com/treatment/pcnl/
URSL,https://www.pristyncare.com/treatment/ursl/
Enlarged Prostate,https://www.pristyncare.com/treatment/prostate-enlargement/
Frenuloplasty Surgery,https://www.pristyncare.com/treatment/frenuloplasty/
Balanitis,https://www.pristyncare.com/treatment/balanitis/
Balanoposthitis,https://www.pristyncare.com/treatment/balanoposthitis/
Paraphimosis,https://www.pristyncare.com/treatment/paraphimosis/
Foreskin Infection,https://www.pristyncare.com/treatment/foreskin-infection/
Prostatectomy,https://www.pristyncare.com/treatment/prostatectomy/
Tight Foreskin,https://www.pristyncare.com/treatment/tight-foreskin/
Phimosis,https://www.pristyncare.com/treatment/phimosis/
Swollen Penis,https://www.pristyncare.com/treatment/swollen-penis/
Corn Removal,https://www.pristyncare.com/treatment/corn-removal/
Vasectomy,https://www.pristyncare.com/treatment/vasectomy/
Testicular Torsion,https://www.pristyncare.com/treatment/testicular-torsion/
Epididymal cyst,https://www.pristyncare.com/treatment/epididymal-cyst/
Toenail Removal,https://www.pristyncare.com/treatment/toenail-removal/
Varicose Veins Treatment,https://www.pristyncare.com/treatment/varicose-veins/
Varicocele Treatment,https://www.pristyncare.com/treatment/varicocele/
DVT Treatment,https://www.pristyncare.com/treatment/deep-vein-thrombosis/
Diabetic Foot Ulcer Treatment,https://www.pristyncare.com/treatment/diabetic-foot-ulcers/
Uterine Fibroids,https://www.pristyncare.com/treatment/uterine-fibroid/
AV Fistula,https://www.pristyncare.com/treatment/av-fistula/
Gynecomastia,https://www.pristyncare.com/treatment/gynecomastia/
Liposuction,https://www.pristyncare.com/treatment/liposuction/
Lipoma Surgery,https://www.pristyncare.com/treatment/lipoma/
Breast Lift Surgery,https://www.pristyncare.com/treatment/breast-lift/
Sebaceous Cyst Surgery,https://www.pristyncare.com/treatment/sebaceous-cyst/
Rhinoplasty,https://www.pristyncare.com/treatment/rhinoplasty/
Breast Augmentation Surgery,https://www.pristyncare.com/treatment/breast-augmentation/
Axillary Breast,https://www.pristyncare.com/treatment/axillary-breast/
Tummy Tuck,https://www.pristyncare.com/treatment/tummy-tuck/
Breast Lump,https://www.pristyncare.com/treatment/breast-lump/
Breast Reduction,https://www.pristyncare.com/treatment/breast-reduction/
Scar Removal,https://www.pristyncare.com/treatment/scar-removal/
Double Chin,https://www.pristyncare.com/treatment/double-chin/
Buccal Fat,https://www.pristyncare.com/treatment/buccal-fat/
Earlobe Repair,https://www.pristyncare.com/treatment/earlobe-repair/
Blepharoplasty,https://www.pristyncare.com/treatment/blepharoplasty/
Beard Transplant,https://www.pristyncare.com/treatment/beard-transplant/
Cleft Lip,https://www.pristyncare.com/treatment/cleft-lip/
Hair Fall PRP,https://www.pristyncare.com/treatment/hair-fall-prp/
Knee Replacement,https://www.pristyncare.com/treatment/knee-replacement/
Carpal Tunnel Syndrome,https://www.pristyncare.com/treatment/carpal-tunnel-syndrome/
ACL Tear Treatment,https://www.pristyncare.com/treatment/acl-tear/
Meniscus Tear Treatment,https://www.pristyncare.com/treatment/meniscus-tear/
Hip Replacement Surgery,https://www.pristyncare.com/treatment/hip-replacement/
Spine Surgery,https://www.pristyncare.com/treatment/spine-surgery/
Shoulder Dislocation,https://www.pristyncare.com/treatment/shoulder-dislocation/
Shoulder Replacement,https://www.pristyncare.com/treatment/shoulder-replacement/
Rotator Cuff Repair,https://www.pristyncare.com/treatment/rotator-cuff-repair/
Arthroscopy Surgery,https://www.pristyncare.com/treatment/arthroscopy/
Knee Arthroscopy,https://www.pristyncare.com/treatment/knee-arthroscopy/
Shoulder Arthroscopy,https://www.pristyncare.com/treatment/shoulder-arthroscopy/
Total Knee Replacement,https://www.pristyncare.com/treatment/total-knee-replacement/
Lasik Eye Surgery,https://www.pristyncare.com/treatment/lasik-eye-surgery/
Cataract Surgery,https://www.pristyncare.com/treatment/cataract/
Retinal Detachment,https://www.pristyncare.com/treatment/retinal-detachment/
Glaucoma Treatment,https://www.pristyncare.com/treatment/glaucoma/
Squint Surgery,https://www.pristyncare.com/treatment/squint/
Diabetic Retinopathy,https://www.pristyncare.com/treatment/diabetic-retinopathy/
Vitrectomy,https://www.pristyncare.com/treatment/vitrectomy/
PRK Lasik,https://www.pristyncare.com/treatment/prk-lasik-surgery/
SMILE Lasik surgery,https://www.pristyncare.com/treatment/smile-lasik-surgery/
FEMTO Lasik surgery,https://www.pristyncare.com/treatment/femto-lasik-surgery/
ICL surgery,https://www.pristyncare.com/treatment/icl-surgery/
Contoura Vision,https://www.pristyncare.com/treatment/contoura-vision/
Phaco Surgery,https://www.pristyncare.com/treatment/phaco-surgery/
IVF,https://www.pristyncare.com/treatment/ivf/
IUI,https://www.pristyncare.com/treatment/iui/
Bariatric Surgery,https://www.pristyncare.com/treatment/bariatric-surgery/
SPATZ intragastric balloon,https://www.pristyncare.com/treatment/intragastric-balloon/
Fat Loss Treatment,https://www.pristyncare.com/treatment/fat-loss/
Hair Transplant,https://www.pristyncare.com/treatment/hair-transplant/
Pigmentation,https://www.pristyncare.com/treatment/pigmentation/
Piles,https://www.pristyncare.com/treatment/piles/
Anal Fistula,https://www.pristyncare.com/treatment/fistula/
Anal Fissure,https://www.pristyncare.com/treatment/fissure/
Pilonidal Sinus,https://www.pristyncare.com/treatment/pilonidal-sinus/
Anal Fistula Treatment,https://www.pristyncare.com/treatment/fistula/
Anal Fissure Treatment,https://www.pristyncare.com/treatment/fissure/
AV Fistula Treatment,https://www.pristyncare.com/treatment/av-fistula/
Colorectal Treatment,https://www.pristyncare.com/treatment/colorectal/
Anal Ulcers Treatment,https://www.pristyncare.com/treatment/anal-ulcers/
Sphincterotomy Treatment,https://www.pristyncare.com/treatment/sphincterotomy/
Fistulectomy Treatment,https://www.pristyncare.com/treatment/fistulectomy/
Fistulotomy Treatment,https://www.pristyncare.com/treatment/fistulotomy/
VAAFT Treatment,https://www.pristyncare.com/treatment/vaaft/
Ligation of the Intersphincteric Fistula Tract Treatment,https://www.pristyncare.com/treatment/ligation-of-the-intersphincteric-fistula-tract/
All Treatments,https://www.pristyncare.com/treatment/
